{
  "androidx.annotation:annotation": "https://developer.android.com/jetpack/androidx/releases/annotation",
  "androidx.appcompat:appcompat": "https://developer.android.com/jetpack/androidx/releases/appcompat",
  "androidx.biometric:biometric": "https://developer.android.com/jetpack/androidx/releases/biometric",
  "androidx.browser:browser": "https://developer.android.com/jetpack/androidx/releases/browser",
  "androidx.core:core": "https://developer.android.com/jetpack/androidx/releases/core",
  "androidx.exifinterface:exifinterface": "https://developer.android.com/jetpack/androidx/releases/exifinterface",
  "androidx.fragment:fragment": "https://developer.android.com/jetpack/androidx/releases/fragment",
  "androidx.lifecycle:lifecycle-common-java8": "https://developer.android.com/jetpack/androidx/releases/lifecycle",
  "androidx.lifecycle:lifecycle-process": "https://developer.android.com/jetpack/androidx/releases/lifecycle",
  "androidx.lifecycle:lifecycle-runtime": "https://developer.android.com/jetpack/androidx/releases/lifecycle",
  "androidx.localbroadcastmanager:localbroadcastmanager": "https://developer.android.com/jetpack/androidx/releases/localbroadcastmanager",
  "androidx.multidex:multidex": "https://developer.android.com/jetpack/androidx/releases/multidex",
  "androidx.room:room-compiler": "https://developer.android.com/jetpack/androidx/releases/room",
  "androidx.room:room-runtime": "https://developer.android.com/jetpack/androidx/releases/room",
  "androidx.swiperefreshlayout:swiperefreshlayout": "https://developer.android.com/jetpack/androidx/releases/swiperefreshlayout",
  "androidx.test:core": "https://developer.android.com/jetpack/androidx/releases/test",
  "androidx.test:rules": "https://developer.android.com/jetpack/androidx/releases/test",
  "androidx.test:runner": "https://developer.android.com/jetpack/androidx/releases/test",
  "androidx.test.espresso:espresso-core": "https://developer.android.com/jetpack/androidx/releases/test",
  "androidx.transition:transition": "https://developer.android.com/jetpack/androidx/releases/transition",
  "com.airbnb.android:lottie": "https://github.com/airbnb/lottie-android/blob/master/CHANGELOG.md",
  "com.android.billingclient:billing": "https://developer.android.com/google/play/billing/release-notes",
  "com.android.installreferrer:installreferrer": "https://developer.android.com/google/play/installreferrer/release-notes",
  "com.cronutils:cron-utils": "https://github.com/jmrozanec/cron-utils/releases",
  "com.facebook.android:audience-network-sdk": "https://developers.facebook.com/docs/audience-network/changelog-android",
  "com.facebook.android:facebook-core": "https://github.com/facebook/facebook-android-sdk/blob/master/CHANGELOG.md",
  "com.facebook.android:facebook-login": "https://github.com/facebook/facebook-android-sdk/blob/master/CHANGELOG.md",
  "com.facebook.flipper:flipper-network-plugin": "https://github.com/facebook/flipper/blob/master/desktop/static/CHANGELOG.md",
  "com.facebook.flipper:flipper": "https://github.com/facebook/flipper/blob/master/desktop/static/CHANGELOG.md",
  "com.facebook.fresco:animated-gif": "https://github.com/facebook/fresco/releases",
  "com.facebook.fresco:animated-webp": "https://github.com/facebook/fresco/releases",
  "com.facebook.fresco:fresco": "https://github.com/facebook/fresco/releases",
  "com.facebook.fresco:imagepipeline-okhttp3": "https://github.com/facebook/fresco/releases",
  "com.facebook.fresco:webpsupport": "https://github.com/facebook/fresco/releases",
  "com.facebook.infer.annotation:infer-annotation": "https://github.com/facebook/infer/blob/master/Changelog.md",
  "com.facebook.soloader:soloader": "https://github.com/facebook/SoLoader/releases",
  "com.github.bumptech.glide:compiler": "https://github.com/bumptech/glide/releases",
  "com.github.bumptech.glide:glide": "https://github.com/bumptech/glide/releases",
  "com.github.bumptech.glide:okhttp3-integration": "https://github.com/bumptech/glide/releases",
  "com.github.Raizlabs.DBFlow:dbflow-core": "https://github.com/agrosner/DBFlow/releases",
  "com.github.Raizlabs.DBFlow:dbflow-processor": "https://github.com/agrosner/DBFlow/releases",
  "com.github.Raizlabs.DBFlow:dbflow": "https://github.com/agrosner/DBFlow/releases",
  "com.github.tipsi:CreditCardEntry": "https://github.com/tipsi/CreditCardEntry/releases",
  "com.github.troZee:ViewPager2": "https://github.com/troZee/ViewPager2/releases",
  "com.google.android.exoplayer:exoplayer": "https://github.com/google/ExoPlayer/blob/release-v2/RELEASENOTES.md",
  "com.google.android.exoplayer:extension-okhttp": "https://github.com/google/ExoPlayer/blob/release-v2/RELEASENOTES.md",
  "com.google.android.gms:play-services-ads": "https://developers.google.com/android/guides/releases",
  "com.google.android.gms:play-services-analytics": "https://developers.google.com/android/guides/releases",
  "com.google.android.gms:play-services-auth": "https://developers.google.com/android/guides/releases",
  "com.google.android.gms:play-services-base": "https://developers.google.com/android/guides/releases",
  "com.google.android.gms:play-services-location": "https://developers.google.com/android/guides/releases",
  "com.google.android.gms:play-services-maps": "https://developers.google.com/android/guides/releases",
  "com.google.android.gms:play-services-vision": "https://developers.google.com/android/guides/releases",
  "com.google.android.gms:play-services-wallet": "https://developers.google.com/android/guides/releases",
  "com.google.android.material:material": "https://github.com/material-components/material-components-android/releases",
  "com.google.android.play:core": "https://developer.android.com/reference/com/google/android/play/core/release-notes",
  "com.google.code.findbugs:jsr305": "http://findbugs.sourceforge.net",
  "com.google.code.gson:gson": "https://github.com/google/gson/blob/master/CHANGELOG.md",
  "com.google.firebase:firebase-analytics": "https://firebase.google.com/support/release-notes/android",
  "com.google.firebase:firebase-bom": "https://firebase.google.com/support/release-notes/android",
  "com.google.firebase:firebase-common": "https://firebase.google.com/support/release-notes/android",
  "com.google.firebase:firebase-core": "https://firebase.google.com/support/release-notes/android",
  "com.google.firebase:firebase-messaging": "https://firebase.google.com/support/release-notes/android",
  "com.google.firebase:firebase-ml-vision-face-model": "https://firebase.google.com/support/release-notes/android",
  "com.google.firebase:firebase-ml-vision": "https://firebase.google.com/support/release-notes/android",
  "com.google.maps.android:android-maps-utils": "https://github.com/googlemaps/android-maps-utils/blob/master/CHANGELOG.md",
  "com.google.zxing:core": "https://github.com/zxing/zxing/releases",
  "com.jakewharton:butterknife-compiler": "https://github.com/JakeWharton/butterknife/blob/master/CHANGELOG.md",
  "com.jakewharton:butterknife-gradle-plugin": "https://github.com/JakeWharton/butterknife/blob/master/CHANGELOG.md",
  "com.jakewharton:butterknife": "https://github.com/JakeWharton/butterknife/blob/master/CHANGELOG.md",
  "com.segment.analytics.android:analytics": "https://github.com/segmentio/analytics-android/blob/master/CHANGELOG.md",
  "com.segment.analytics.android.integrations:firebase": "https://github.com/segment-integrations/analytics-android-integration-firebase/blob/master/CHANGELOG.md",
  "com.squareup.leakcanary:leakcanary-android-no-op": "https://square.github.io/leakcanary/changelog",
  "com.squareup.okhttp3:okhttp-urlconnection": "https://square.github.io/okhttp/changelog/",
  "com.squareup.okhttp3:okhttp": "https://square.github.io/okhttp/changelog/",
  "com.squareup.okio:okio": "https://github.com/square/okio/blob/master/CHANGELOG.md",
  "com.squareup.picasso:picasso": "https://github.com/square/picasso/blob/master/CHANGELOG.md",
  "com.stripe:stripe-android": "https://github.com/stripe/stripe-android/blob/master/CHANGELOG.md",
  "com.theartofdev.edmodo:android-image-cropper": "https://github.com/ArthurHub/Android-Image-Cropper#change-log",
  "com.yqritc:android-scalablevideoview": "https://github.com/yqritc/Android-ScalableVideoView/releases",
  "commons-codec:commons-codec": "https://commons.apache.org/proper/commons-codec/changes-report.html",
  "commons-io:commons-io": "https://commons.apache.org/proper/commons-io/changes-report.html",
  "de.greenrobot:eventbus": "https://greenrobot.org/eventbus/changelog/",
  "de.undercouch:gradle-download-task": "https://github.com/michel-kraemer/gradle-download-task/releases",
  "io.branch.sdk.android:library": "https://github.com/BranchMetrics/android-branch-deep-linking-attribution/blob/master/ChangeLog.md",
  "io.mockk:mockk": "https://github.com/mockk/mockk/releases",
  "io.nlopez.smartlocation:library": "https://github.com/mrmans0n/smart-location-lib",
  "junit:junit": "https://junit.org/",
  "net.openid:appauth": "https://github.com/openid/AppAuth-Android/releases",
  "org.apache.commons:commons-lang3": "https://commons.apache.org/proper/commons-lang",
  "org.jetbrains.kotlin:kotlin-gradle-plugin": "https://github.com/JetBrains/kotlin/blob/master/ChangeLog.md",
  "org.jetbrains.kotlin:kotlin-reflect": "https://github.com/JetBrains/kotlin/blob/master/ChangeLog.md",
  "org.jetbrains.kotlin:kotlin-stdlib-jdk7": "https://github.com/JetBrains/kotlin/blob/master/ChangeLog.md",
  "org.jetbrains.kotlinx:kotlinx-coroutines-android": "https://github.com/Kotlin/kotlinx.coroutines/blob/master/CHANGES.md",
  "org.jetbrains.kotlinx:kotlinx-coroutines-core": "https://github.com/Kotlin/kotlinx.coroutines/blob/master/CHANGES.md",
  "org.junit.jupiter:junit-jupiter-api": "https://junit.org/junit5/docs/current/release-notes/index.html#release-notes",
  "org.junit.jupiter:junit-jupiter-engine": "https://junit.org/junit5/docs/current/release-notes/index.html#release-notes",
  "org.mockito:mockito-core": "https://github.com/mockito/mockito/blob/release/3.x/doc/release-notes/official.md",
  "org.robolectric:robolectric": "https://github.com/robolectric/robolectric/releases"
}
